date,dow,dom,woy,month,quarter,year
2018-01-01,0,1,1,1,1,2018
2018-01-02,1,2,1,1,1,2018
2018-01-03,2,3,1,1,1,2018
2018-01-04,3,4,1,1,1,2018
2018-01-05,4,5,1,1,1,2018
2018-01-06,5,6,1,1,1,2018
2018-01-07,6,7,1,1,1,2018
2018-01-08,0,8,2,1,1,2018
2018-01-09,1,9,2,1,1,2018
2018-01-10,2,10,2,1,1,2018
2018-01-11,3,11,2,1,1,2018
2018-01-12,4,12,2,1,1,2018
2018-01-13,5,13,2,1,1,2018
2018-01-14,6,14,2,1,1,2018
2018-01-15,0,15,3,1,1,2018
2018-01-16,1,16,3,1,1,2018
2018-01-17,2,17,3,1,1,2018
2018-01-18,3,18,3,1,1,2018
2018-01-19,4,19,3,1,1,2018
2018-01-20,5,20,3,1,1,2018
2018-01-21,6,21,3,1,1,2018
2018-01-22,0,22,4,1,1,2018
2018-01-23,1,23,4,1,1,2018
2018-01-24,2,24,4,1,1,2018
2018-01-25,3,25,4,1,1,2018
2018-01-26,4,26,4,1,1,2018
2018-01-27,5,27,4,1,1,2018
2018-01-28,6,28,4,1,1,2018
2018-01-29,0,29,5,1,1,2018
2018-01-30,1,30,5,1,1,2018
2018-01-31,2,31,5,1,1,2018
2018-02-01,3,1,5,2,1,2018
2018-02-02,4,2,5,2,1,2018
2018-02-03,5,3,5,2,1,2018
2018-02-04,6,4,5,2,1,2018
2018-02-05,0,5,6,2,1,2018
2018-02-06,1,6,6,2,1,2018
2018-02-07,2,7,6,2,1,2018
2018-02-08,3,8,6,2,1,2018
2018-02-09,4,9,6,2,1,2018
2018-02-10,5,10,6,2,1,2018
2018-02-11,6,11,6,2,1,2018
2018-02-12,0,12,7,2,1,2018
2018-02-13,1,13,7,2,1,2018
2018-02-14,2,14,7,2,1,2018
2018-02-15,3,15,7,2,1,2018
2018-02-16,4,16,7,2,1,2018
2018-02-17,5,17,7,2,1,2018
2018-02-18,6,18,7,2,1,2018
2018-02-19,0,19,8,2,1,2018
2018-02-20,1,20,8,2,1,2018
2018-02-21,2,21,8,2,1,2018
2018-02-22,3,22,8,2,1,2018
2018-02-23,4,23,8,2,1,2018
2018-02-24,5,24,8,2,1,2018
2018-02-25,6,25,8,2,1,2018
2018-02-26,0,26,9,2,1,2018
2018-02-27,1,27,9,2,1,2018
2018-02-28,2,28,9,2,1,2018
2018-03-01,3,1,9,3,1,2018
2018-03-02,4,2,9,3,1,2018
2018-03-03,5,3,9,3,1,2018
2018-03-04,6,4,9,3,1,2018
2018-03-05,0,5,10,3,1,2018
2018-03-06,1,6,10,3,1,2018
2018-03-07,2,7,10,3,1,2018
2018-03-08,3,8,10,3,1,2018
2018-03-09,4,9,10,3,1,2018
2018-03-10,5,10,10,3,1,2018
2018-03-11,6,11,10,3,1,2018
2018-03-12,0,12,11,3,1,2018
2018-03-13,1,13,11,3,1,2018
2018-03-14,2,14,11,3,1,2018
2018-03-15,3,15,11,3,1,2018
2018-03-16,4,16,11,3,1,2018
2018-03-17,5,17,11,3,1,2018
2018-03-18,6,18,11,3,1,2018
2018-03-19,0,19,12,3,1,2018
2018-03-20,1,20,12,3,1,2018
2018-03-21,2,21,12,3,1,2018
2018-03-22,3,22,12,3,1,2018
2018-03-23,4,23,12,3,1,2018
2018-03-24,5,24,12,3,1,2018
2018-03-25,6,25,12,3,1,2018
2018-03-26,0,26,13,3,1,2018
2018-03-27,1,27,13,3,1,2018
2018-03-28,2,28,13,3,1,2018
2018-03-29,3,29,13,3,1,2018
2018-03-30,4,30,13,3,1,2018
2018-03-31,5,31,13,3,1,2018
2018-04-01,6,1,13,4,2,2018
2018-04-02,0,2,14,4,2,2018
2018-04-03,1,3,14,4,2,2018
2018-04-04,2,4,14,4,2,2018
2018-04-05,3,5,14,4,2,2018
2018-04-06,4,6,14,4,2,2018
2018-04-07,5,7,14,4,2,2018
2018-04-08,6,8,14,4,2,2018
2018-04-09,0,9,15,4,2,2018
2018-04-10,1,10,15,4,2,2018
2018-04-11,2,11,15,4,2,2018
2018-04-12,3,12,15,4,2,2018
2018-04-13,4,13,15,4,2,2018
2018-04-14,5,14,15,4,2,2018
2018-04-15,6,15,15,4,2,2018
2018-04-16,0,16,16,4,2,2018
2018-04-17,1,17,16,4,2,2018
2018-04-18,2,18,16,4,2,2018
2018-04-19,3,19,16,4,2,2018
2018-04-20,4,20,16,4,2,2018
2018-04-21,5,21,16,4,2,2018
2018-04-22,6,22,16,4,2,2018
2018-04-23,0,23,17,4,2,2018
2018-04-24,1,24,17,4,2,2018
2018-04-25,2,25,17,4,2,2018
2018-04-26,3,26,17,4,2,2018
2018-04-27,4,27,17,4,2,2018
2018-04-28,5,28,17,4,2,2018
2018-04-29,6,29,17,4,2,2018
2018-04-30,0,30,18,4,2,2018
2018-05-01,1,1,18,5,2,2018
2018-05-02,2,2,18,5,2,2018
2018-05-03,3,3,18,5,2,2018
2018-05-04,4,4,18,5,2,2018
2018-05-05,5,5,18,5,2,2018
2018-05-06,6,6,18,5,2,2018
2018-05-07,0,7,19,5,2,2018
2018-05-08,1,8,19,5,2,2018
2018-05-09,2,9,19,5,2,2018
2018-05-10,3,10,19,5,2,2018
2018-05-11,4,11,19,5,2,2018
2018-05-12,5,12,19,5,2,2018
2018-05-13,6,13,19,5,2,2018
2018-05-14,0,14,20,5,2,2018
2018-05-15,1,15,20,5,2,2018
2018-05-16,2,16,20,5,2,2018
2018-05-17,3,17,20,5,2,2018
2018-05-18,4,18,20,5,2,2018
2018-05-19,5,19,20,5,2,2018
2018-05-20,6,20,20,5,2,2018
2018-05-21,0,21,21,5,2,2018
2018-05-22,1,22,21,5,2,2018
2018-05-23,2,23,21,5,2,2018
2018-05-24,3,24,21,5,2,2018
2018-05-25,4,25,21,5,2,2018
2018-05-26,5,26,21,5,2,2018
2018-05-27,6,27,21,5,2,2018
2018-05-28,0,28,22,5,2,2018
2018-05-29,1,29,22,5,2,2018
2018-05-30,2,30,22,5,2,2018
2018-05-31,3,31,22,5,2,2018
2018-06-01,4,1,22,6,2,2018
2018-06-02,5,2,22,6,2,2018
2018-06-03,6,3,22,6,2,2018
2018-06-04,0,4,23,6,2,2018
2018-06-05,1,5,23,6,2,2018
2018-06-06,2,6,23,6,2,2018
2018-06-07,3,7,23,6,2,2018
2018-06-08,4,8,23,6,2,2018
2018-06-09,5,9,23,6,2,2018
2018-06-10,6,10,23,6,2,2018
2018-06-11,0,11,24,6,2,2018
2018-06-12,1,12,24,6,2,2018
2018-06-13,2,13,24,6,2,2018
2018-06-14,3,14,24,6,2,2018
2018-06-15,4,15,24,6,2,2018
2018-06-16,5,16,24,6,2,2018
2018-06-17,6,17,24,6,2,2018
2018-06-18,0,18,25,6,2,2018
2018-06-19,1,19,25,6,2,2018
2018-06-20,2,20,25,6,2,2018
2018-06-21,3,21,25,6,2,2018
2018-06-22,4,22,25,6,2,2018
2018-06-23,5,23,25,6,2,2018
2018-06-24,6,24,25,6,2,2018
2018-06-25,0,25,26,6,2,2018
2018-06-26,1,26,26,6,2,2018
2018-06-27,2,27,26,6,2,2018
2018-06-28,3,28,26,6,2,2018
2018-06-29,4,29,26,6,2,2018
2018-06-30,5,30,26,6,2,2018
2018-07-01,6,1,26,7,3,2018
2018-07-02,0,2,27,7,3,2018
2018-07-03,1,3,27,7,3,2018
2018-07-04,2,4,27,7,3,2018
2018-07-05,3,5,27,7,3,2018
2018-07-06,4,6,27,7,3,2018
2018-07-07,5,7,27,7,3,2018
2018-07-08,6,8,27,7,3,2018
2018-07-09,0,9,28,7,3,2018
2018-07-10,1,10,28,7,3,2018
2018-07-11,2,11,28,7,3,2018
2018-07-12,3,12,28,7,3,2018
2018-07-13,4,13,28,7,3,2018
2018-07-14,5,14,28,7,3,2018
2018-07-15,6,15,28,7,3,2018
2018-07-16,0,16,29,7,3,2018
2018-07-17,1,17,29,7,3,2018
2018-07-18,2,18,29,7,3,2018
2018-07-19,3,19,29,7,3,2018
2018-07-20,4,20,29,7,3,2018
2018-07-21,5,21,29,7,3,2018
2018-07-22,6,22,29,7,3,2018
2018-07-23,0,23,30,7,3,2018
2018-07-24,1,24,30,7,3,2018
2018-07-25,2,25,30,7,3,2018
2018-07-26,3,26,30,7,3,2018
2018-07-27,4,27,30,7,3,2018
2018-07-28,5,28,30,7,3,2018
2018-07-29,6,29,30,7,3,2018
2018-07-30,0,30,31,7,3,2018
2018-07-31,1,31,31,7,3,2018
2018-08-01,2,1,31,8,3,2018
2018-08-02,3,2,31,8,3,2018
2018-08-03,4,3,31,8,3,2018
2018-08-04,5,4,31,8,3,2018
2018-08-05,6,5,31,8,3,2018
2018-08-06,0,6,32,8,3,2018
2018-08-07,1,7,32,8,3,2018
2018-08-08,2,8,32,8,3,2018
2018-08-09,3,9,32,8,3,2018
2018-08-10,4,10,32,8,3,2018
2018-08-11,5,11,32,8,3,2018
2018-08-12,6,12,32,8,3,2018
2018-08-13,0,13,33,8,3,2018
2018-08-14,1,14,33,8,3,2018
2018-08-15,2,15,33,8,3,2018
2018-08-16,3,16,33,8,3,2018
2018-08-17,4,17,33,8,3,2018
2018-08-18,5,18,33,8,3,2018
2018-08-19,6,19,33,8,3,2018
2018-08-20,0,20,34,8,3,2018
2018-08-21,1,21,34,8,3,2018
2018-08-22,2,22,34,8,3,2018
2018-08-23,3,23,34,8,3,2018
2018-08-24,4,24,34,8,3,2018
2018-08-25,5,25,34,8,3,2018
2018-08-26,6,26,34,8,3,2018
2018-08-27,0,27,35,8,3,2018
2018-08-28,1,28,35,8,3,2018
2018-08-29,2,29,35,8,3,2018
2018-08-30,3,30,35,8,3,2018
2018-08-31,4,31,35,8,3,2018
2018-09-01,5,1,35,9,3,2018
2018-09-02,6,2,35,9,3,2018
2018-09-03,0,3,36,9,3,2018
2018-09-04,1,4,36,9,3,2018
2018-09-05,2,5,36,9,3,2018
2018-09-06,3,6,36,9,3,2018
2018-09-07,4,7,36,9,3,2018
2018-09-08,5,8,36,9,3,2018
2018-09-09,6,9,36,9,3,2018
2018-09-10,0,10,37,9,3,2018
2018-09-11,1,11,37,9,3,2018
2018-09-12,2,12,37,9,3,2018
2018-09-13,3,13,37,9,3,2018
2018-09-14,4,14,37,9,3,2018
2018-09-15,5,15,37,9,3,2018
2018-09-16,6,16,37,9,3,2018
2018-09-17,0,17,38,9,3,2018
2018-09-18,1,18,38,9,3,2018
2018-09-19,2,19,38,9,3,2018
2018-09-20,3,20,38,9,3,2018
2018-09-21,4,21,38,9,3,2018
2018-09-22,5,22,38,9,3,2018
2018-09-23,6,23,38,9,3,2018
2018-09-24,0,24,39,9,3,2018
2018-09-25,1,25,39,9,3,2018
2018-09-26,2,26,39,9,3,2018
2018-09-27,3,27,39,9,3,2018
2018-09-28,4,28,39,9,3,2018
2018-09-29,5,29,39,9,3,2018
2018-09-30,6,30,39,9,3,2018
2018-10-01,0,1,40,10,4,2018
2018-10-02,1,2,40,10,4,2018
2018-10-03,2,3,40,10,4,2018
2018-10-04,3,4,40,10,4,2018
2018-10-05,4,5,40,10,4,2018
2018-10-06,5,6,40,10,4,2018
2018-10-07,6,7,40,10,4,2018
2018-10-08,0,8,41,10,4,2018
2018-10-09,1,9,41,10,4,2018
2018-10-10,2,10,41,10,4,2018
2018-10-11,3,11,41,10,4,2018
2018-10-12,4,12,41,10,4,2018
2018-10-13,5,13,41,10,4,2018
2018-10-14,6,14,41,10,4,2018
2018-10-15,0,15,42,10,4,2018
2018-10-16,1,16,42,10,4,2018
2018-10-17,2,17,42,10,4,2018
2018-10-18,3,18,42,10,4,2018
2018-10-19,4,19,42,10,4,2018
2018-10-20,5,20,42,10,4,2018
2018-10-21,6,21,42,10,4,2018
2018-10-22,0,22,43,10,4,2018
2018-10-23,1,23,43,10,4,2018
2018-10-24,2,24,43,10,4,2018
2018-10-25,3,25,43,10,4,2018
2018-10-26,4,26,43,10,4,2018
2018-10-27,5,27,43,10,4,2018
2018-10-28,6,28,43,10,4,2018
2018-10-29,0,29,44,10,4,2018
2018-10-30,1,30,44,10,4,2018
2018-10-31,2,31,44,10,4,2018
2018-11-01,3,1,44,11,4,2018
2018-11-02,4,2,44,11,4,2018
2018-11-03,5,3,44,11,4,2018
2018-11-04,6,4,44,11,4,2018
2018-11-05,0,5,45,11,4,2018
2018-11-06,1,6,45,11,4,2018
2018-11-07,2,7,45,11,4,2018
2018-11-08,3,8,45,11,4,2018
2018-11-09,4,9,45,11,4,2018
2018-11-10,5,10,45,11,4,2018
2018-11-11,6,11,45,11,4,2018
2018-11-12,0,12,46,11,4,2018
2018-11-13,1,13,46,11,4,2018
2018-11-14,2,14,46,11,4,2018
2018-11-15,3,15,46,11,4,2018
2018-11-16,4,16,46,11,4,2018
2018-11-17,5,17,46,11,4,2018
2018-11-18,6,18,46,11,4,2018
2018-11-19,0,19,47,11,4,2018
2018-11-20,1,20,47,11,4,2018
2018-11-21,2,21,47,11,4,2018
2018-11-22,3,22,47,11,4,2018
2018-11-23,4,23,47,11,4,2018
2018-11-24,5,24,47,11,4,2018
2018-11-25,6,25,47,11,4,2018
2018-11-26,0,26,48,11,4,2018
2018-11-27,1,27,48,11,4,2018
2018-11-28,2,28,48,11,4,2018
2018-11-29,3,29,48,11,4,2018
2018-11-30,4,30,48,11,4,2018
2018-12-01,5,1,48,12,4,2018
2018-12-02,6,2,48,12,4,2018
2018-12-03,0,3,49,12,4,2018
2018-12-04,1,4,49,12,4,2018
2018-12-05,2,5,49,12,4,2018
2018-12-06,3,6,49,12,4,2018
2018-12-07,4,7,49,12,4,2018
2018-12-08,5,8,49,12,4,2018
2018-12-09,6,9,49,12,4,2018
2018-12-10,0,10,50,12,4,2018
2018-12-11,1,11,50,12,4,2018
2018-12-12,2,12,50,12,4,2018
2018-12-13,3,13,50,12,4,2018
2018-12-14,4,14,50,12,4,2018
2018-12-15,5,15,50,12,4,2018
2018-12-16,6,16,50,12,4,2018
2018-12-17,0,17,51,12,4,2018
2018-12-18,1,18,51,12,4,2018
2018-12-19,2,19,51,12,4,2018
2018-12-20,3,20,51,12,4,2018
2018-12-21,4,21,51,12,4,2018
2018-12-22,5,22,51,12,4,2018
2018-12-23,6,23,51,12,4,2018
2018-12-24,0,24,52,12,4,2018
2018-12-25,1,25,52,12,4,2018
2018-12-26,2,26,52,12,4,2018
2018-12-27,3,27,52,12,4,2018
2018-12-28,4,28,52,12,4,2018
2018-12-29,5,29,52,12,4,2018
2018-12-30,6,30,52,12,4,2018
2018-12-31,0,31,1,12,4,2018
2019-01-01,1,1,1,1,1,2019
2019-01-02,2,2,1,1,1,2019
2019-01-03,3,3,1,1,1,2019
2019-01-04,4,4,1,1,1,2019
2019-01-05,5,5,1,1,1,2019
2019-01-06,6,6,1,1,1,2019
2019-01-07,0,7,2,1,1,2019
2019-01-08,1,8,2,1,1,2019
2019-01-09,2,9,2,1,1,2019
2019-01-10,3,10,2,1,1,2019
2019-01-11,4,11,2,1,1,2019
2019-01-12,5,12,2,1,1,2019
2019-01-13,6,13,2,1,1,2019
2019-01-14,0,14,3,1,1,2019
2019-01-15,1,15,3,1,1,2019
2019-01-16,2,16,3,1,1,2019
2019-01-17,3,17,3,1,1,2019
2019-01-18,4,18,3,1,1,2019
2019-01-19,5,19,3,1,1,2019
2019-01-20,6,20,3,1,1,2019
2019-01-21,0,21,4,1,1,2019
2019-01-22,1,22,4,1,1,2019
2019-01-23,2,23,4,1,1,2019
2019-01-24,3,24,4,1,1,2019
2019-01-25,4,25,4,1,1,2019
2019-01-26,5,26,4,1,1,2019
2019-01-27,6,27,4,1,1,2019
2019-01-28,0,28,5,1,1,2019
2019-01-29,1,29,5,1,1,2019
2019-01-30,2,30,5,1,1,2019
2019-01-31,3,31,5,1,1,2019
2019-02-01,4,1,5,2,1,2019
2019-02-02,5,2,5,2,1,2019
2019-02-03,6,3,5,2,1,2019
2019-02-04,0,4,6,2,1,2019
2019-02-05,1,5,6,2,1,2019
2019-02-06,2,6,6,2,1,2019
2019-02-07,3,7,6,2,1,2019
2019-02-08,4,8,6,2,1,2019
2019-02-09,5,9,6,2,1,2019
2019-02-10,6,10,6,2,1,2019
2019-02-11,0,11,7,2,1,2019
2019-02-12,1,12,7,2,1,2019
2019-02-13,2,13,7,2,1,2019
2019-02-14,3,14,7,2,1,2019
2019-02-15,4,15,7,2,1,2019
2019-02-16,5,16,7,2,1,2019
2019-02-17,6,17,7,2,1,2019
2019-02-18,0,18,8,2,1,2019
2019-02-19,1,19,8,2,1,2019
2019-02-20,2,20,8,2,1,2019
2019-02-21,3,21,8,2,1,2019
2019-02-22,4,22,8,2,1,2019
2019-02-23,5,23,8,2,1,2019
2019-02-24,6,24,8,2,1,2019
2019-02-25,0,25,9,2,1,2019
2019-02-26,1,26,9,2,1,2019
2019-02-27,2,27,9,2,1,2019
2019-02-28,3,28,9,2,1,2019
2019-03-01,4,1,9,3,1,2019
2019-03-02,5,2,9,3,1,2019
2019-03-03,6,3,9,3,1,2019
2019-03-04,0,4,10,3,1,2019
2019-03-05,1,5,10,3,1,2019
2019-03-06,2,6,10,3,1,2019
2019-03-07,3,7,10,3,1,2019
2019-03-08,4,8,10,3,1,2019
2019-03-09,5,9,10,3,1,2019
2019-03-10,6,10,10,3,1,2019
2019-03-11,0,11,11,3,1,2019
2019-03-12,1,12,11,3,1,2019
2019-03-13,2,13,11,3,1,2019
2019-03-14,3,14,11,3,1,2019
2019-03-15,4,15,11,3,1,2019
2019-03-16,5,16,11,3,1,2019
2019-03-17,6,17,11,3,1,2019
2019-03-18,0,18,12,3,1,2019
2019-03-19,1,19,12,3,1,2019
2019-03-20,2,20,12,3,1,2019
2019-03-21,3,21,12,3,1,2019
2019-03-22,4,22,12,3,1,2019
2019-03-23,5,23,12,3,1,2019
2019-03-24,6,24,12,3,1,2019
2019-03-25,0,25,13,3,1,2019
2019-03-26,1,26,13,3,1,2019
2019-03-27,2,27,13,3,1,2019
2019-03-28,3,28,13,3,1,2019
2019-03-29,4,29,13,3,1,2019
2019-03-30,5,30,13,3,1,2019
2019-03-31,6,31,13,3,1,2019
2019-04-01,0,1,14,4,2,2019
2019-04-02,1,2,14,4,2,2019
2019-04-03,2,3,14,4,2,2019
2019-04-04,3,4,14,4,2,2019
2019-04-05,4,5,14,4,2,2019
2019-04-06,5,6,14,4,2,2019
2019-04-07,6,7,14,4,2,2019
2019-04-08,0,8,15,4,2,2019
2019-04-09,1,9,15,4,2,2019
2019-04-10,2,10,15,4,2,2019
2019-04-11,3,11,15,4,2,2019
2019-04-12,4,12,15,4,2,2019
2019-04-13,5,13,15,4,2,2019
2019-04-14,6,14,15,4,2,2019
2019-04-15,0,15,16,4,2,2019
2019-04-16,1,16,16,4,2,2019
2019-04-17,2,17,16,4,2,2019
2019-04-18,3,18,16,4,2,2019
2019-04-19,4,19,16,4,2,2019
2019-04-20,5,20,16,4,2,2019
2019-04-21,6,21,16,4,2,2019
2019-04-22,0,22,17,4,2,2019
2019-04-23,1,23,17,4,2,2019
2019-04-24,2,24,17,4,2,2019
2019-04-25,3,25,17,4,2,2019
2019-04-26,4,26,17,4,2,2019
2019-04-27,5,27,17,4,2,2019
2019-04-28,6,28,17,4,2,2019
2019-04-29,0,29,18,4,2,2019
2019-04-30,1,30,18,4,2,2019
2019-05-01,2,1,18,5,2,2019
2019-05-02,3,2,18,5,2,2019
2019-05-03,4,3,18,5,2,2019
2019-05-04,5,4,18,5,2,2019
2019-05-05,6,5,18,5,2,2019
2019-05-06,0,6,19,5,2,2019
2019-05-07,1,7,19,5,2,2019
2019-05-08,2,8,19,5,2,2019
2019-05-09,3,9,19,5,2,2019
2019-05-10,4,10,19,5,2,2019
2019-05-11,5,11,19,5,2,2019
2019-05-12,6,12,19,5,2,2019
2019-05-13,0,13,20,5,2,2019
2019-05-14,1,14,20,5,2,2019
2019-05-15,2,15,20,5,2,2019
2019-05-16,3,16,20,5,2,2019
2019-05-17,4,17,20,5,2,2019
2019-05-18,5,18,20,5,2,2019
2019-05-19,6,19,20,5,2,2019
2019-05-20,0,20,21,5,2,2019
2019-05-21,1,21,21,5,2,2019
2019-05-22,2,22,21,5,2,2019
2019-05-23,3,23,21,5,2,2019
2019-05-24,4,24,21,5,2,2019
2019-05-25,5,25,21,5,2,2019
2019-05-26,6,26,21,5,2,2019
2019-05-27,0,27,22,5,2,2019
2019-05-28,1,28,22,5,2,2019
2019-05-29,2,29,22,5,2,2019
2019-05-30,3,30,22,5,2,2019
2019-05-31,4,31,22,5,2,2019
2019-06-01,5,1,22,6,2,2019
2019-06-02,6,2,22,6,2,2019
2019-06-03,0,3,23,6,2,2019
2019-06-04,1,4,23,6,2,2019
2019-06-05,2,5,23,6,2,2019
2019-06-06,3,6,23,6,2,2019
2019-06-07,4,7,23,6,2,2019
2019-06-08,5,8,23,6,2,2019
2019-06-09,6,9,23,6,2,2019
2019-06-10,0,10,24,6,2,2019
2019-06-11,1,11,24,6,2,2019
2019-06-12,2,12,24,6,2,2019
2019-06-13,3,13,24,6,2,2019
2019-06-14,4,14,24,6,2,2019
2019-06-15,5,15,24,6,2,2019
2019-06-16,6,16,24,6,2,2019
2019-06-17,0,17,25,6,2,2019
2019-06-18,1,18,25,6,2,2019
2019-06-19,2,19,25,6,2,2019
2019-06-20,3,20,25,6,2,2019
2019-06-21,4,21,25,6,2,2019
2019-06-22,5,22,25,6,2,2019
2019-06-23,6,23,25,6,2,2019
2019-06-24,0,24,26,6,2,2019
2019-06-25,1,25,26,6,2,2019
2019-06-26,2,26,26,6,2,2019
2019-06-27,3,27,26,6,2,2019
2019-06-28,4,28,26,6,2,2019
2019-06-29,5,29,26,6,2,2019
2019-06-30,6,30,26,6,2,2019
2019-07-01,0,1,27,7,3,2019
2019-07-02,1,2,27,7,3,2019
2019-07-03,2,3,27,7,3,2019
2019-07-04,3,4,27,7,3,2019
2019-07-05,4,5,27,7,3,2019
2019-07-06,5,6,27,7,3,2019
2019-07-07,6,7,27,7,3,2019
2019-07-08,0,8,28,7,3,2019
2019-07-09,1,9,28,7,3,2019
2019-07-10,2,10,28,7,3,2019
2019-07-11,3,11,28,7,3,2019
2019-07-12,4,12,28,7,3,2019
2019-07-13,5,13,28,7,3,2019
2019-07-14,6,14,28,7,3,2019
2019-07-15,0,15,29,7,3,2019
2019-07-16,1,16,29,7,3,2019
2019-07-17,2,17,29,7,3,2019
2019-07-18,3,18,29,7,3,2019
2019-07-19,4,19,29,7,3,2019
2019-07-20,5,20,29,7,3,2019
2019-07-21,6,21,29,7,3,2019
2019-07-22,0,22,30,7,3,2019
2019-07-23,1,23,30,7,3,2019
2019-07-24,2,24,30,7,3,2019
2019-07-25,3,25,30,7,3,2019
2019-07-26,4,26,30,7,3,2019
2019-07-27,5,27,30,7,3,2019
2019-07-28,6,28,30,7,3,2019
2019-07-29,0,29,31,7,3,2019
2019-07-30,1,30,31,7,3,2019
2019-07-31,2,31,31,7,3,2019
2019-08-01,3,1,31,8,3,2019
2019-08-02,4,2,31,8,3,2019
2019-08-03,5,3,31,8,3,2019
2019-08-04,6,4,31,8,3,2019
2019-08-05,0,5,32,8,3,2019
2019-08-06,1,6,32,8,3,2019
2019-08-07,2,7,32,8,3,2019
2019-08-08,3,8,32,8,3,2019
2019-08-09,4,9,32,8,3,2019
2019-08-10,5,10,32,8,3,2019
2019-08-11,6,11,32,8,3,2019
2019-08-12,0,12,33,8,3,2019
2019-08-13,1,13,33,8,3,2019
2019-08-14,2,14,33,8,3,2019
2019-08-15,3,15,33,8,3,2019
2019-08-16,4,16,33,8,3,2019
2019-08-17,5,17,33,8,3,2019
2019-08-18,6,18,33,8,3,2019
2019-08-19,0,19,34,8,3,2019
2019-08-20,1,20,34,8,3,2019
2019-08-21,2,21,34,8,3,2019
2019-08-22,3,22,34,8,3,2019
2019-08-23,4,23,34,8,3,2019
2019-08-24,5,24,34,8,3,2019
2019-08-25,6,25,34,8,3,2019
2019-08-26,0,26,35,8,3,2019
2019-08-27,1,27,35,8,3,2019
2019-08-28,2,28,35,8,3,2019
2019-08-29,3,29,35,8,3,2019
2019-08-30,4,30,35,8,3,2019
2019-08-31,5,31,35,8,3,2019
2019-09-01,6,1,35,9,3,2019
2019-09-02,0,2,36,9,3,2019
2019-09-03,1,3,36,9,3,2019
2019-09-04,2,4,36,9,3,2019
2019-09-05,3,5,36,9,3,2019
2019-09-06,4,6,36,9,3,2019
2019-09-07,5,7,36,9,3,2019
2019-09-08,6,8,36,9,3,2019
2019-09-09,0,9,37,9,3,2019
2019-09-10,1,10,37,9,3,2019
2019-09-11,2,11,37,9,3,2019
2019-09-12,3,12,37,9,3,2019
2019-09-13,4,13,37,9,3,2019
2019-09-14,5,14,37,9,3,2019
2019-09-15,6,15,37,9,3,2019
2019-09-16,0,16,38,9,3,2019
2019-09-17,1,17,38,9,3,2019
2019-09-18,2,18,38,9,3,2019
2019-09-19,3,19,38,9,3,2019
2019-09-20,4,20,38,9,3,2019
2019-09-21,5,21,38,9,3,2019
2019-09-22,6,22,38,9,3,2019
2019-09-23,0,23,39,9,3,2019
2019-09-24,1,24,39,9,3,2019
2019-09-25,2,25,39,9,3,2019
2019-09-26,3,26,39,9,3,2019
2019-09-27,4,27,39,9,3,2019
2019-09-28,5,28,39,9,3,2019
2019-09-29,6,29,39,9,3,2019
2019-09-30,0,30,40,9,3,2019
2019-10-01,1,1,40,10,4,2019
2019-10-02,2,2,40,10,4,2019
2019-10-03,3,3,40,10,4,2019
2019-10-04,4,4,40,10,4,2019
2019-10-05,5,5,40,10,4,2019
2019-10-06,6,6,40,10,4,2019
2019-10-07,0,7,41,10,4,2019
2019-10-08,1,8,41,10,4,2019
2019-10-09,2,9,41,10,4,2019
2019-10-10,3,10,41,10,4,2019
2019-10-11,4,11,41,10,4,2019
2019-10-12,5,12,41,10,4,2019
2019-10-13,6,13,41,10,4,2019
2019-10-14,0,14,42,10,4,2019
2019-10-15,1,15,42,10,4,2019
2019-10-16,2,16,42,10,4,2019
2019-10-17,3,17,42,10,4,2019
2019-10-18,4,18,42,10,4,2019
2019-10-19,5,19,42,10,4,2019
2019-10-20,6,20,42,10,4,2019
2019-10-21,0,21,43,10,4,2019
2019-10-22,1,22,43,10,4,2019
2019-10-23,2,23,43,10,4,2019
2019-10-24,3,24,43,10,4,2019
2019-10-25,4,25,43,10,4,2019
2019-10-26,5,26,43,10,4,2019
2019-10-27,6,27,43,10,4,2019
2019-10-28,0,28,44,10,4,2019
2019-10-29,1,29,44,10,4,2019
2019-10-30,2,30,44,10,4,2019
2019-10-31,3,31,44,10,4,2019
2019-11-01,4,1,44,11,4,2019
2019-11-02,5,2,44,11,4,2019
2019-11-03,6,3,44,11,4,2019
2019-11-04,0,4,45,11,4,2019
2019-11-05,1,5,45,11,4,2019
2019-11-06,2,6,45,11,4,2019
2019-11-07,3,7,45,11,4,2019
2019-11-08,4,8,45,11,4,2019
2019-11-09,5,9,45,11,4,2019
2019-11-10,6,10,45,11,4,2019
2019-11-11,0,11,46,11,4,2019
2019-11-12,1,12,46,11,4,2019
2019-11-13,2,13,46,11,4,2019
2019-11-14,3,14,46,11,4,2019
2019-11-15,4,15,46,11,4,2019
2019-11-16,5,16,46,11,4,2019
2019-11-17,6,17,46,11,4,2019
2019-11-18,0,18,47,11,4,2019
2019-11-19,1,19,47,11,4,2019
2019-11-20,2,20,47,11,4,2019
2019-11-21,3,21,47,11,4,2019
2019-11-22,4,22,47,11,4,2019
2019-11-23,5,23,47,11,4,2019
2019-11-24,6,24,47,11,4,2019
2019-11-25,0,25,48,11,4,2019
2019-11-26,1,26,48,11,4,2019
2019-11-27,2,27,48,11,4,2019
2019-11-28,3,28,48,11,4,2019
2019-11-29,4,29,48,11,4,2019
2019-11-30,5,30,48,11,4,2019
2019-12-01,6,1,48,12,4,2019
2019-12-02,0,2,49,12,4,2019
2019-12-03,1,3,49,12,4,2019
2019-12-04,2,4,49,12,4,2019
2019-12-05,3,5,49,12,4,2019
2019-12-06,4,6,49,12,4,2019
2019-12-07,5,7,49,12,4,2019
2019-12-08,6,8,49,12,4,2019
2019-12-09,0,9,50,12,4,2019
2019-12-10,1,10,50,12,4,2019
2019-12-11,2,11,50,12,4,2019
2019-12-12,3,12,50,12,4,2019
2019-12-13,4,13,50,12,4,2019
2019-12-14,5,14,50,12,4,2019
2019-12-15,6,15,50,12,4,2019
2019-12-16,0,16,51,12,4,2019
2019-12-17,1,17,51,12,4,2019
2019-12-18,2,18,51,12,4,2019
2019-12-19,3,19,51,12,4,2019
2019-12-20,4,20,51,12,4,2019
2019-12-21,5,21,51,12,4,2019
2019-12-22,6,22,51,12,4,2019
2019-12-23,0,23,52,12,4,2019
2019-12-24,1,24,52,12,4,2019
2019-12-25,2,25,52,12,4,2019
2019-12-26,3,26,52,12,4,2019
2019-12-27,4,27,52,12,4,2019
2019-12-28,5,28,52,12,4,2019
2019-12-29,6,29,52,12,4,2019
2019-12-30,0,30,1,12,4,2019
2019-12-31,1,31,1,12,4,2019
2020-01-01,2,1,1,1,1,2020
2020-01-02,3,2,1,1,1,2020
2020-01-03,4,3,1,1,1,2020
2020-01-04,5,4,1,1,1,2020
2020-01-05,6,5,1,1,1,2020
2020-01-06,0,6,2,1,1,2020
2020-01-07,1,7,2,1,1,2020
2020-01-08,2,8,2,1,1,2020
2020-01-09,3,9,2,1,1,2020
2020-01-10,4,10,2,1,1,2020
2020-01-11,5,11,2,1,1,2020
2020-01-12,6,12,2,1,1,2020
2020-01-13,0,13,3,1,1,2020
2020-01-14,1,14,3,1,1,2020
2020-01-15,2,15,3,1,1,2020
2020-01-16,3,16,3,1,1,2020
2020-01-17,4,17,3,1,1,2020
2020-01-18,5,18,3,1,1,2020
2020-01-19,6,19,3,1,1,2020
2020-01-20,0,20,4,1,1,2020
2020-01-21,1,21,4,1,1,2020
2020-01-22,2,22,4,1,1,2020
2020-01-23,3,23,4,1,1,2020
2020-01-24,4,24,4,1,1,2020
2020-01-25,5,25,4,1,1,2020
2020-01-26,6,26,4,1,1,2020
2020-01-27,0,27,5,1,1,2020
2020-01-28,1,28,5,1,1,2020
2020-01-29,2,29,5,1,1,2020
2020-01-30,3,30,5,1,1,2020
2020-01-31,4,31,5,1,1,2020
2020-02-01,5,1,5,2,1,2020
2020-02-02,6,2,5,2,1,2020
2020-02-03,0,3,6,2,1,2020
2020-02-04,1,4,6,2,1,2020
2020-02-05,2,5,6,2,1,2020
2020-02-06,3,6,6,2,1,2020
2020-02-07,4,7,6,2,1,2020
2020-02-08,5,8,6,2,1,2020
2020-02-09,6,9,6,2,1,2020
2020-02-10,0,10,7,2,1,2020
2020-02-11,1,11,7,2,1,2020
2020-02-12,2,12,7,2,1,2020
2020-02-13,3,13,7,2,1,2020
2020-02-14,4,14,7,2,1,2020
2020-02-15,5,15,7,2,1,2020
2020-02-16,6,16,7,2,1,2020
2020-02-17,0,17,8,2,1,2020
2020-02-18,1,18,8,2,1,2020
2020-02-19,2,19,8,2,1,2020
2020-02-20,3,20,8,2,1,2020
2020-02-21,4,21,8,2,1,2020
2020-02-22,5,22,8,2,1,2020
2020-02-23,6,23,8,2,1,2020
2020-02-24,0,24,9,2,1,2020
2020-02-25,1,25,9,2,1,2020
2020-02-26,2,26,9,2,1,2020
2020-02-27,3,27,9,2,1,2020
2020-02-28,4,28,9,2,1,2020
2020-02-29,5,29,9,2,1,2020
2020-03-01,6,1,9,3,1,2020
2020-03-02,0,2,10,3,1,2020
2020-03-03,1,3,10,3,1,2020
2020-03-04,2,4,10,3,1,2020
2020-03-05,3,5,10,3,1,2020
2020-03-06,4,6,10,3,1,2020
2020-03-07,5,7,10,3,1,2020
2020-03-08,6,8,10,3,1,2020
2020-03-09,0,9,11,3,1,2020
2020-03-10,1,10,11,3,1,2020
2020-03-11,2,11,11,3,1,2020
2020-03-12,3,12,11,3,1,2020
2020-03-13,4,13,11,3,1,2020
2020-03-14,5,14,11,3,1,2020
2020-03-15,6,15,11,3,1,2020
2020-03-16,0,16,12,3,1,2020
2020-03-17,1,17,12,3,1,2020
2020-03-18,2,18,12,3,1,2020
2020-03-19,3,19,12,3,1,2020
2020-03-20,4,20,12,3,1,2020
2020-03-21,5,21,12,3,1,2020
2020-03-22,6,22,12,3,1,2020
2020-03-23,0,23,13,3,1,2020
2020-03-24,1,24,13,3,1,2020
2020-03-25,2,25,13,3,1,2020
2020-03-26,3,26,13,3,1,2020
2020-03-27,4,27,13,3,1,2020
2020-03-28,5,28,13,3,1,2020
2020-03-29,6,29,13,3,1,2020
2020-03-30,0,30,14,3,1,2020
2020-03-31,1,31,14,3,1,2020
2020-04-01,2,1,14,4,2,2020
2020-04-02,3,2,14,4,2,2020
2020-04-03,4,3,14,4,2,2020
2020-04-04,5,4,14,4,2,2020
2020-04-05,6,5,14,4,2,2020
2020-04-06,0,6,15,4,2,2020
2020-04-07,1,7,15,4,2,2020
2020-04-08,2,8,15,4,2,2020
2020-04-09,3,9,15,4,2,2020
2020-04-10,4,10,15,4,2,2020
2020-04-11,5,11,15,4,2,2020
2020-04-12,6,12,15,4,2,2020
2020-04-13,0,13,16,4,2,2020
2020-04-14,1,14,16,4,2,2020
2020-04-15,2,15,16,4,2,2020
2020-04-16,3,16,16,4,2,2020
2020-04-17,4,17,16,4,2,2020
2020-04-18,5,18,16,4,2,2020
2020-04-19,6,19,16,4,2,2020
2020-04-20,0,20,17,4,2,2020
2020-04-21,1,21,17,4,2,2020
2020-04-22,2,22,17,4,2,2020
2020-04-23,3,23,17,4,2,2020
2020-04-24,4,24,17,4,2,2020
2020-04-25,5,25,17,4,2,2020
2020-04-26,6,26,17,4,2,2020
2020-04-27,0,27,18,4,2,2020
2020-04-28,1,28,18,4,2,2020
2020-04-29,2,29,18,4,2,2020
2020-04-30,3,30,18,4,2,2020
2020-05-01,4,1,18,5,2,2020
2020-05-02,5,2,18,5,2,2020
2020-05-03,6,3,18,5,2,2020
2020-05-04,0,4,19,5,2,2020
2020-05-05,1,5,19,5,2,2020
2020-05-06,2,6,19,5,2,2020
2020-05-07,3,7,19,5,2,2020
2020-05-08,4,8,19,5,2,2020
2020-05-09,5,9,19,5,2,2020
2020-05-10,6,10,19,5,2,2020
2020-05-11,0,11,20,5,2,2020
2020-05-12,1,12,20,5,2,2020
2020-05-13,2,13,20,5,2,2020
2020-05-14,3,14,20,5,2,2020
2020-05-15,4,15,20,5,2,2020
2020-05-16,5,16,20,5,2,2020
2020-05-17,6,17,20,5,2,2020
2020-05-18,0,18,21,5,2,2020
2020-05-19,1,19,21,5,2,2020
2020-05-20,2,20,21,5,2,2020
2020-05-21,3,21,21,5,2,2020
2020-05-22,4,22,21,5,2,2020
2020-05-23,5,23,21,5,2,2020
2020-05-24,6,24,21,5,2,2020
2020-05-25,0,25,22,5,2,2020
2020-05-26,1,26,22,5,2,2020
2020-05-27,2,27,22,5,2,2020
2020-05-28,3,28,22,5,2,2020
2020-05-29,4,29,22,5,2,2020
2020-05-30,5,30,22,5,2,2020
2020-05-31,6,31,22,5,2,2020
2020-06-01,0,1,23,6,2,2020
2020-06-02,1,2,23,6,2,2020
2020-06-03,2,3,23,6,2,2020
2020-06-04,3,4,23,6,2,2020
2020-06-05,4,5,23,6,2,2020
2020-06-06,5,6,23,6,2,2020
2020-06-07,6,7,23,6,2,2020
2020-06-08,0,8,24,6,2,2020
2020-06-09,1,9,24,6,2,2020
2020-06-10,2,10,24,6,2,2020
2020-06-11,3,11,24,6,2,2020
2020-06-12,4,12,24,6,2,2020
2020-06-13,5,13,24,6,2,2020
2020-06-14,6,14,24,6,2,2020
2020-06-15,0,15,25,6,2,2020
2020-06-16,1,16,25,6,2,2020
2020-06-17,2,17,25,6,2,2020
2020-06-18,3,18,25,6,2,2020
2020-06-19,4,19,25,6,2,2020
2020-06-20,5,20,25,6,2,2020
2020-06-21,6,21,25,6,2,2020
2020-06-22,0,22,26,6,2,2020
2020-06-23,1,23,26,6,2,2020
2020-06-24,2,24,26,6,2,2020
2020-06-25,3,25,26,6,2,2020
2020-06-26,4,26,26,6,2,2020
2020-06-27,5,27,26,6,2,2020
2020-06-28,6,28,26,6,2,2020
2020-06-29,0,29,27,6,2,2020
2020-06-30,1,30,27,6,2,2020
2020-07-01,2,1,27,7,3,2020
2020-07-02,3,2,27,7,3,2020
2020-07-03,4,3,27,7,3,2020
2020-07-04,5,4,27,7,3,2020
2020-07-05,6,5,27,7,3,2020
2020-07-06,0,6,28,7,3,2020
2020-07-07,1,7,28,7,3,2020
2020-07-08,2,8,28,7,3,2020
2020-07-09,3,9,28,7,3,2020
2020-07-10,4,10,28,7,3,2020
2020-07-11,5,11,28,7,3,2020
2020-07-12,6,12,28,7,3,2020
2020-07-13,0,13,29,7,3,2020
2020-07-14,1,14,29,7,3,2020
2020-07-15,2,15,29,7,3,2020
2020-07-16,3,16,29,7,3,2020
2020-07-17,4,17,29,7,3,2020
2020-07-18,5,18,29,7,3,2020
2020-07-19,6,19,29,7,3,2020
2020-07-20,0,20,30,7,3,2020
2020-07-21,1,21,30,7,3,2020
2020-07-22,2,22,30,7,3,2020
2020-07-23,3,23,30,7,3,2020
2020-07-24,4,24,30,7,3,2020
2020-07-25,5,25,30,7,3,2020
2020-07-26,6,26,30,7,3,2020
2020-07-27,0,27,31,7,3,2020
2020-07-28,1,28,31,7,3,2020
2020-07-29,2,29,31,7,3,2020
2020-07-30,3,30,31,7,3,2020
2020-07-31,4,31,31,7,3,2020
2020-08-01,5,1,31,8,3,2020
2020-08-02,6,2,31,8,3,2020
2020-08-03,0,3,32,8,3,2020
2020-08-04,1,4,32,8,3,2020
2020-08-05,2,5,32,8,3,2020
2020-08-06,3,6,32,8,3,2020
2020-08-07,4,7,32,8,3,2020
2020-08-08,5,8,32,8,3,2020
2020-08-09,6,9,32,8,3,2020
2020-08-10,0,10,33,8,3,2020
2020-08-11,1,11,33,8,3,2020
2020-08-12,2,12,33,8,3,2020
2020-08-13,3,13,33,8,3,2020
2020-08-14,4,14,33,8,3,2020
2020-08-15,5,15,33,8,3,2020
2020-08-16,6,16,33,8,3,2020
2020-08-17,0,17,34,8,3,2020
2020-08-18,1,18,34,8,3,2020
2020-08-19,2,19,34,8,3,2020
2020-08-20,3,20,34,8,3,2020
2020-08-21,4,21,34,8,3,2020
2020-08-22,5,22,34,8,3,2020
2020-08-23,6,23,34,8,3,2020
2020-08-24,0,24,35,8,3,2020
2020-08-25,1,25,35,8,3,2020
2020-08-26,2,26,35,8,3,2020
2020-08-27,3,27,35,8,3,2020
2020-08-28,4,28,35,8,3,2020
2020-08-29,5,29,35,8,3,2020
2020-08-30,6,30,35,8,3,2020
2020-08-31,0,31,36,8,3,2020
2020-09-01,1,1,36,9,3,2020
2020-09-02,2,2,36,9,3,2020
2020-09-03,3,3,36,9,3,2020
2020-09-04,4,4,36,9,3,2020
2020-09-05,5,5,36,9,3,2020
2020-09-06,6,6,36,9,3,2020
2020-09-07,0,7,37,9,3,2020
2020-09-08,1,8,37,9,3,2020
2020-09-09,2,9,37,9,3,2020
2020-09-10,3,10,37,9,3,2020
2020-09-11,4,11,37,9,3,2020
2020-09-12,5,12,37,9,3,2020
2020-09-13,6,13,37,9,3,2020
2020-09-14,0,14,38,9,3,2020
2020-09-15,1,15,38,9,3,2020
2020-09-16,2,16,38,9,3,2020
2020-09-17,3,17,38,9,3,2020
2020-09-18,4,18,38,9,3,2020
2020-09-19,5,19,38,9,3,2020
2020-09-20,6,20,38,9,3,2020
2020-09-21,0,21,39,9,3,2020
2020-09-22,1,22,39,9,3,2020
2020-09-23,2,23,39,9,3,2020
2020-09-24,3,24,39,9,3,2020
2020-09-25,4,25,39,9,3,2020
2020-09-26,5,26,39,9,3,2020
2020-09-27,6,27,39,9,3,2020
2020-09-28,0,28,40,9,3,2020
2020-09-29,1,29,40,9,3,2020
2020-09-30,2,30,40,9,3,2020
2020-10-01,3,1,40,10,4,2020
2020-10-02,4,2,40,10,4,2020
2020-10-03,5,3,40,10,4,2020
2020-10-04,6,4,40,10,4,2020
2020-10-05,0,5,41,10,4,2020
2020-10-06,1,6,41,10,4,2020
2020-10-07,2,7,41,10,4,2020
2020-10-08,3,8,41,10,4,2020
2020-10-09,4,9,41,10,4,2020
2020-10-10,5,10,41,10,4,2020
2020-10-11,6,11,41,10,4,2020
2020-10-12,0,12,42,10,4,2020
2020-10-13,1,13,42,10,4,2020
2020-10-14,2,14,42,10,4,2020
2020-10-15,3,15,42,10,4,2020
2020-10-16,4,16,42,10,4,2020
2020-10-17,5,17,42,10,4,2020
2020-10-18,6,18,42,10,4,2020
2020-10-19,0,19,43,10,4,2020
2020-10-20,1,20,43,10,4,2020
2020-10-21,2,21,43,10,4,2020
2020-10-22,3,22,43,10,4,2020
2020-10-23,4,23,43,10,4,2020
2020-10-24,5,24,43,10,4,2020
2020-10-25,6,25,43,10,4,2020
2020-10-26,0,26,44,10,4,2020
2020-10-27,1,27,44,10,4,2020
2020-10-28,2,28,44,10,4,2020
2020-10-29,3,29,44,10,4,2020
2020-10-30,4,30,44,10,4,2020
2020-10-31,5,31,44,10,4,2020
2020-11-01,6,1,44,11,4,2020
2020-11-02,0,2,45,11,4,2020
2020-11-03,1,3,45,11,4,2020
2020-11-04,2,4,45,11,4,2020
2020-11-05,3,5,45,11,4,2020
2020-11-06,4,6,45,11,4,2020
2020-11-07,5,7,45,11,4,2020
2020-11-08,6,8,45,11,4,2020
2020-11-09,0,9,46,11,4,2020
2020-11-10,1,10,46,11,4,2020
2020-11-11,2,11,46,11,4,2020
2020-11-12,3,12,46,11,4,2020
2020-11-13,4,13,46,11,4,2020
2020-11-14,5,14,46,11,4,2020
2020-11-15,6,15,46,11,4,2020
2020-11-16,0,16,47,11,4,2020
2020-11-17,1,17,47,11,4,2020
2020-11-18,2,18,47,11,4,2020
2020-11-19,3,19,47,11,4,2020
2020-11-20,4,20,47,11,4,2020
2020-11-21,5,21,47,11,4,2020
2020-11-22,6,22,47,11,4,2020
2020-11-23,0,23,48,11,4,2020
2020-11-24,1,24,48,11,4,2020
2020-11-25,2,25,48,11,4,2020
2020-11-26,3,26,48,11,4,2020
2020-11-27,4,27,48,11,4,2020
2020-11-28,5,28,48,11,4,2020
2020-11-29,6,29,48,11,4,2020
2020-11-30,0,30,49,11,4,2020
2020-12-01,1,1,49,12,4,2020
2020-12-02,2,2,49,12,4,2020
2020-12-03,3,3,49,12,4,2020
2020-12-04,4,4,49,12,4,2020
2020-12-05,5,5,49,12,4,2020
2020-12-06,6,6,49,12,4,2020
2020-12-07,0,7,50,12,4,2020
2020-12-08,1,8,50,12,4,2020
2020-12-09,2,9,50,12,4,2020
2020-12-10,3,10,50,12,4,2020
2020-12-11,4,11,50,12,4,2020
2020-12-12,5,12,50,12,4,2020
2020-12-13,6,13,50,12,4,2020
2020-12-14,0,14,51,12,4,2020
2020-12-15,1,15,51,12,4,2020
2020-12-16,2,16,51,12,4,2020
2020-12-17,3,17,51,12,4,2020
2020-12-18,4,18,51,12,4,2020
2020-12-19,5,19,51,12,4,2020
2020-12-20,6,20,51,12,4,2020
2020-12-21,0,21,52,12,4,2020
2020-12-22,1,22,52,12,4,2020
2020-12-23,2,23,52,12,4,2020
2020-12-24,3,24,52,12,4,2020
2020-12-25,4,25,52,12,4,2020
2020-12-26,5,26,52,12,4,2020
2020-12-27,6,27,52,12,4,2020
2020-12-28,0,28,53,12,4,2020
2020-12-29,1,29,53,12,4,2020
2020-12-30,2,30,53,12,4,2020
2020-12-31,3,31,53,12,4,2020
2021-01-01,4,1,53,1,1,2021
2021-01-02,5,2,53,1,1,2021
2021-01-03,6,3,53,1,1,2021
2021-01-04,0,4,1,1,1,2021
2021-01-05,1,5,1,1,1,2021
2021-01-06,2,6,1,1,1,2021
2021-01-07,3,7,1,1,1,2021
2021-01-08,4,8,1,1,1,2021
2021-01-09,5,9,1,1,1,2021
2021-01-10,6,10,1,1,1,2021
2021-01-11,0,11,2,1,1,2021
2021-01-12,1,12,2,1,1,2021
2021-01-13,2,13,2,1,1,2021
2021-01-14,3,14,2,1,1,2021
2021-01-15,4,15,2,1,1,2021
2021-01-16,5,16,2,1,1,2021
2021-01-17,6,17,2,1,1,2021
2021-01-18,0,18,3,1,1,2021
2021-01-19,1,19,3,1,1,2021
2021-01-20,2,20,3,1,1,2021
2021-01-21,3,21,3,1,1,2021
2021-01-22,4,22,3,1,1,2021
2021-01-23,5,23,3,1,1,2021
2021-01-24,6,24,3,1,1,2021
2021-01-25,0,25,4,1,1,2021
2021-01-26,1,26,4,1,1,2021
2021-01-27,2,27,4,1,1,2021
2021-01-28,3,28,4,1,1,2021
2021-01-29,4,29,4,1,1,2021
2021-01-30,5,30,4,1,1,2021
2021-01-31,6,31,4,1,1,2021
2021-02-01,0,1,5,2,1,2021
2021-02-02,1,2,5,2,1,2021
2021-02-03,2,3,5,2,1,2021
2021-02-04,3,4,5,2,1,2021
2021-02-05,4,5,5,2,1,2021
2021-02-06,5,6,5,2,1,2021
2021-02-07,6,7,5,2,1,2021
2021-02-08,0,8,6,2,1,2021
2021-02-09,1,9,6,2,1,2021
2021-02-10,2,10,6,2,1,2021
2021-02-11,3,11,6,2,1,2021
2021-02-12,4,12,6,2,1,2021
2021-02-13,5,13,6,2,1,2021
2021-02-14,6,14,6,2,1,2021
2021-02-15,0,15,7,2,1,2021
2021-02-16,1,16,7,2,1,2021
2021-02-17,2,17,7,2,1,2021
2021-02-18,3,18,7,2,1,2021
2021-02-19,4,19,7,2,1,2021
2021-02-20,5,20,7,2,1,2021
2021-02-21,6,21,7,2,1,2021
2021-02-22,0,22,8,2,1,2021
2021-02-23,1,23,8,2,1,2021
2021-02-24,2,24,8,2,1,2021
2021-02-25,3,25,8,2,1,2021
2021-02-26,4,26,8,2,1,2021
2021-02-27,5,27,8,2,1,2021
2021-02-28,6,28,8,2,1,2021
2021-03-01,0,1,9,3,1,2021
2021-03-02,1,2,9,3,1,2021
2021-03-03,2,3,9,3,1,2021
2021-03-04,3,4,9,3,1,2021
2021-03-05,4,5,9,3,1,2021
2021-03-06,5,6,9,3,1,2021
2021-03-07,6,7,9,3,1,2021
2021-03-08,0,8,10,3,1,2021
2021-03-09,1,9,10,3,1,2021
2021-03-10,2,10,10,3,1,2021
2021-03-11,3,11,10,3,1,2021
2021-03-12,4,12,10,3,1,2021
2021-03-13,5,13,10,3,1,2021
2021-03-14,6,14,10,3,1,2021
2021-03-15,0,15,11,3,1,2021
2021-03-16,1,16,11,3,1,2021
2021-03-17,2,17,11,3,1,2021
2021-03-18,3,18,11,3,1,2021
2021-03-19,4,19,11,3,1,2021
2021-03-20,5,20,11,3,1,2021
2021-03-21,6,21,11,3,1,2021
2021-03-22,0,22,12,3,1,2021
2021-03-23,1,23,12,3,1,2021
2021-03-24,2,24,12,3,1,2021
2021-03-25,3,25,12,3,1,2021
2021-03-26,4,26,12,3,1,2021
2021-03-27,5,27,12,3,1,2021
2021-03-28,6,28,12,3,1,2021
2021-03-29,0,29,13,3,1,2021
2021-03-30,1,30,13,3,1,2021
2021-03-31,2,31,13,3,1,2021
2021-04-01,3,1,13,4,2,2021
2021-04-02,4,2,13,4,2,2021
2021-04-03,5,3,13,4,2,2021
2021-04-04,6,4,13,4,2,2021
2021-04-05,0,5,14,4,2,2021
2021-04-06,1,6,14,4,2,2021
2021-04-07,2,7,14,4,2,2021
2021-04-08,3,8,14,4,2,2021
2021-04-09,4,9,14,4,2,2021
2021-04-10,5,10,14,4,2,2021
2021-04-11,6,11,14,4,2,2021
2021-04-12,0,12,15,4,2,2021
2021-04-13,1,13,15,4,2,2021
2021-04-14,2,14,15,4,2,2021
2021-04-15,3,15,15,4,2,2021
2021-04-16,4,16,15,4,2,2021
2021-04-17,5,17,15,4,2,2021
2021-04-18,6,18,15,4,2,2021
2021-04-19,0,19,16,4,2,2021
2021-04-20,1,20,16,4,2,2021
2021-04-21,2,21,16,4,2,2021
2021-04-22,3,22,16,4,2,2021
2021-04-23,4,23,16,4,2,2021
2021-04-24,5,24,16,4,2,2021
2021-04-25,6,25,16,4,2,2021
2021-04-26,0,26,17,4,2,2021
2021-04-27,1,27,17,4,2,2021
2021-04-28,2,28,17,4,2,2021
2021-04-29,3,29,17,4,2,2021
2021-04-30,4,30,17,4,2,2021
2021-05-01,5,1,17,5,2,2021
2021-05-02,6,2,17,5,2,2021
2021-05-03,0,3,18,5,2,2021
2021-05-04,1,4,18,5,2,2021
2021-05-05,2,5,18,5,2,2021
2021-05-06,3,6,18,5,2,2021
2021-05-07,4,7,18,5,2,2021
2021-05-08,5,8,18,5,2,2021
2021-05-09,6,9,18,5,2,2021
2021-05-10,0,10,19,5,2,2021
2021-05-11,1,11,19,5,2,2021
2021-05-12,2,12,19,5,2,2021
2021-05-13,3,13,19,5,2,2021
2021-05-14,4,14,19,5,2,2021
2021-05-15,5,15,19,5,2,2021
2021-05-16,6,16,19,5,2,2021
2021-05-17,0,17,20,5,2,2021
2021-05-18,1,18,20,5,2,2021
2021-05-19,2,19,20,5,2,2021
2021-05-20,3,20,20,5,2,2021
2021-05-21,4,21,20,5,2,2021
2021-05-22,5,22,20,5,2,2021
2021-05-23,6,23,20,5,2,2021
2021-05-24,0,24,21,5,2,2021
2021-05-25,1,25,21,5,2,2021
2021-05-26,2,26,21,5,2,2021
2021-05-27,3,27,21,5,2,2021
2021-05-28,4,28,21,5,2,2021
2021-05-29,5,29,21,5,2,2021
2021-05-30,6,30,21,5,2,2021
2021-05-31,0,31,22,5,2,2021
2021-06-01,1,1,22,6,2,2021
2021-06-02,2,2,22,6,2,2021
2021-06-03,3,3,22,6,2,2021
2021-06-04,4,4,22,6,2,2021
2021-06-05,5,5,22,6,2,2021
2021-06-06,6,6,22,6,2,2021
2021-06-07,0,7,23,6,2,2021
2021-06-08,1,8,23,6,2,2021
2021-06-09,2,9,23,6,2,2021
2021-06-10,3,10,23,6,2,2021
2021-06-11,4,11,23,6,2,2021
2021-06-12,5,12,23,6,2,2021
2021-06-13,6,13,23,6,2,2021
2021-06-14,0,14,24,6,2,2021
2021-06-15,1,15,24,6,2,2021
2021-06-16,2,16,24,6,2,2021
2021-06-17,3,17,24,6,2,2021
2021-06-18,4,18,24,6,2,2021
2021-06-19,5,19,24,6,2,2021
2021-06-20,6,20,24,6,2,2021
2021-06-21,0,21,25,6,2,2021
2021-06-22,1,22,25,6,2,2021
2021-06-23,2,23,25,6,2,2021
2021-06-24,3,24,25,6,2,2021
2021-06-25,4,25,25,6,2,2021
2021-06-26,5,26,25,6,2,2021
2021-06-27,6,27,25,6,2,2021
2021-06-28,0,28,26,6,2,2021
2021-06-29,1,29,26,6,2,2021
2021-06-30,2,30,26,6,2,2021
2021-07-01,3,1,26,7,3,2021
2021-07-02,4,2,26,7,3,2021
2021-07-03,5,3,26,7,3,2021
2021-07-04,6,4,26,7,3,2021
2021-07-05,0,5,27,7,3,2021
2021-07-06,1,6,27,7,3,2021
2021-07-07,2,7,27,7,3,2021
2021-07-08,3,8,27,7,3,2021
2021-07-09,4,9,27,7,3,2021
2021-07-10,5,10,27,7,3,2021
2021-07-11,6,11,27,7,3,2021
2021-07-12,0,12,28,7,3,2021
2021-07-13,1,13,28,7,3,2021
2021-07-14,2,14,28,7,3,2021
2021-07-15,3,15,28,7,3,2021
2021-07-16,4,16,28,7,3,2021
2021-07-17,5,17,28,7,3,2021
2021-07-18,6,18,28,7,3,2021
2021-07-19,0,19,29,7,3,2021
2021-07-20,1,20,29,7,3,2021
2021-07-21,2,21,29,7,3,2021
2021-07-22,3,22,29,7,3,2021
2021-07-23,4,23,29,7,3,2021
2021-07-24,5,24,29,7,3,2021
2021-07-25,6,25,29,7,3,2021
2021-07-26,0,26,30,7,3,2021
2021-07-27,1,27,30,7,3,2021
2021-07-28,2,28,30,7,3,2021
2021-07-29,3,29,30,7,3,2021
2021-07-30,4,30,30,7,3,2021
2021-07-31,5,31,30,7,3,2021
2021-08-01,6,1,30,8,3,2021
2021-08-02,0,2,31,8,3,2021
2021-08-03,1,3,31,8,3,2021
2021-08-04,2,4,31,8,3,2021
2021-08-05,3,5,31,8,3,2021
2021-08-06,4,6,31,8,3,2021
2021-08-07,5,7,31,8,3,2021
2021-08-08,6,8,31,8,3,2021
2021-08-09,0,9,32,8,3,2021
2021-08-10,1,10,32,8,3,2021
2021-08-11,2,11,32,8,3,2021
2021-08-12,3,12,32,8,3,2021
2021-08-13,4,13,32,8,3,2021
2021-08-14,5,14,32,8,3,2021
2021-08-15,6,15,32,8,3,2021
2021-08-16,0,16,33,8,3,2021
2021-08-17,1,17,33,8,3,2021
2021-08-18,2,18,33,8,3,2021
2021-08-19,3,19,33,8,3,2021
2021-08-20,4,20,33,8,3,2021
2021-08-21,5,21,33,8,3,2021
2021-08-22,6,22,33,8,3,2021
2021-08-23,0,23,34,8,3,2021
2021-08-24,1,24,34,8,3,2021
2021-08-25,2,25,34,8,3,2021
2021-08-26,3,26,34,8,3,2021
2021-08-27,4,27,34,8,3,2021
2021-08-28,5,28,34,8,3,2021
2021-08-29,6,29,34,8,3,2021
2021-08-30,0,30,35,8,3,2021
2021-08-31,1,31,35,8,3,2021
2021-09-01,2,1,35,9,3,2021
2021-09-02,3,2,35,9,3,2021
2021-09-03,4,3,35,9,3,2021
2021-09-04,5,4,35,9,3,2021
2021-09-05,6,5,35,9,3,2021
2021-09-06,0,6,36,9,3,2021
2021-09-07,1,7,36,9,3,2021
2021-09-08,2,8,36,9,3,2021
2021-09-09,3,9,36,9,3,2021
2021-09-10,4,10,36,9,3,2021
2021-09-11,5,11,36,9,3,2021
2021-09-12,6,12,36,9,3,2021
2021-09-13,0,13,37,9,3,2021
2021-09-14,1,14,37,9,3,2021
2021-09-15,2,15,37,9,3,2021
2021-09-16,3,16,37,9,3,2021
2021-09-17,4,17,37,9,3,2021
2021-09-18,5,18,37,9,3,2021
2021-09-19,6,19,37,9,3,2021
2021-09-20,0,20,38,9,3,2021
2021-09-21,1,21,38,9,3,2021
2021-09-22,2,22,38,9,3,2021
2021-09-23,3,23,38,9,3,2021
2021-09-24,4,24,38,9,3,2021
2021-09-25,5,25,38,9,3,2021
2021-09-26,6,26,38,9,3,2021
2021-09-27,0,27,39,9,3,2021
2021-09-28,1,28,39,9,3,2021
2021-09-29,2,29,39,9,3,2021
2021-09-30,3,30,39,9,3,2021
2021-10-01,4,1,39,10,4,2021
2021-10-02,5,2,39,10,4,2021
2021-10-03,6,3,39,10,4,2021
2021-10-04,0,4,40,10,4,2021
2021-10-05,1,5,40,10,4,2021
2021-10-06,2,6,40,10,4,2021
2021-10-07,3,7,40,10,4,2021
2021-10-08,4,8,40,10,4,2021
2021-10-09,5,9,40,10,4,2021
2021-10-10,6,10,40,10,4,2021
2021-10-11,0,11,41,10,4,2021
2021-10-12,1,12,41,10,4,2021
2021-10-13,2,13,41,10,4,2021
2021-10-14,3,14,41,10,4,2021
2021-10-15,4,15,41,10,4,2021
2021-10-16,5,16,41,10,4,2021
2021-10-17,6,17,41,10,4,2021
2021-10-18,0,18,42,10,4,2021
2021-10-19,1,19,42,10,4,2021
2021-10-20,2,20,42,10,4,2021
2021-10-21,3,21,42,10,4,2021
2021-10-22,4,22,42,10,4,2021
2021-10-23,5,23,42,10,4,2021
2021-10-24,6,24,42,10,4,2021
2021-10-25,0,25,43,10,4,2021
2021-10-26,1,26,43,10,4,2021
2021-10-27,2,27,43,10,4,2021
2021-10-28,3,28,43,10,4,2021
2021-10-29,4,29,43,10,4,2021
2021-10-30,5,30,43,10,4,2021
2021-10-31,6,31,43,10,4,2021
2021-11-01,0,1,44,11,4,2021
2021-11-02,1,2,44,11,4,2021
2021-11-03,2,3,44,11,4,2021
2021-11-04,3,4,44,11,4,2021
2021-11-05,4,5,44,11,4,2021
2021-11-06,5,6,44,11,4,2021
2021-11-07,6,7,44,11,4,2021
2021-11-08,0,8,45,11,4,2021
2021-11-09,1,9,45,11,4,2021
2021-11-10,2,10,45,11,4,2021
2021-11-11,3,11,45,11,4,2021
2021-11-12,4,12,45,11,4,2021
2021-11-13,5,13,45,11,4,2021
2021-11-14,6,14,45,11,4,2021
2021-11-15,0,15,46,11,4,2021
2021-11-16,1,16,46,11,4,2021
2021-11-17,2,17,46,11,4,2021
2021-11-18,3,18,46,11,4,2021
2021-11-19,4,19,46,11,4,2021
2021-11-20,5,20,46,11,4,2021
2021-11-21,6,21,46,11,4,2021
2021-11-22,0,22,47,11,4,2021
2021-11-23,1,23,47,11,4,2021
2021-11-24,2,24,47,11,4,2021
2021-11-25,3,25,47,11,4,2021
2021-11-26,4,26,47,11,4,2021
2021-11-27,5,27,47,11,4,2021
2021-11-28,6,28,47,11,4,2021
2021-11-29,0,29,48,11,4,2021
2021-11-30,1,30,48,11,4,2021
2021-12-01,2,1,48,12,4,2021
2021-12-02,3,2,48,12,4,2021
2021-12-03,4,3,48,12,4,2021
2021-12-04,5,4,48,12,4,2021
2021-12-05,6,5,48,12,4,2021
2021-12-06,0,6,49,12,4,2021
2021-12-07,1,7,49,12,4,2021
2021-12-08,2,8,49,12,4,2021
2021-12-09,3,9,49,12,4,2021
2021-12-10,4,10,49,12,4,2021
2021-12-11,5,11,49,12,4,2021
2021-12-12,6,12,49,12,4,2021
2021-12-13,0,13,50,12,4,2021
2021-12-14,1,14,50,12,4,2021
2021-12-15,2,15,50,12,4,2021
2021-12-16,3,16,50,12,4,2021
2021-12-17,4,17,50,12,4,2021
2021-12-18,5,18,50,12,4,2021
2021-12-19,6,19,50,12,4,2021
2021-12-20,0,20,51,12,4,2021
2021-12-21,1,21,51,12,4,2021
2021-12-22,2,22,51,12,4,2021
2021-12-23,3,23,51,12,4,2021
2021-12-24,4,24,51,12,4,2021
2021-12-25,5,25,51,12,4,2021
2021-12-26,6,26,51,12,4,2021
2021-12-27,0,27,52,12,4,2021
2021-12-28,1,28,52,12,4,2021
2021-12-29,2,29,52,12,4,2021
2021-12-30,3,30,52,12,4,2021
2021-12-31,4,31,52,12,4,2021
2022-01-01,5,1,52,1,1,2022
2022-01-02,6,2,52,1,1,2022
2022-01-03,0,3,1,1,1,2022
2022-01-04,1,4,1,1,1,2022
2022-01-05,2,5,1,1,1,2022
2022-01-06,3,6,1,1,1,2022
2022-01-07,4,7,1,1,1,2022
2022-01-08,5,8,1,1,1,2022
2022-01-09,6,9,1,1,1,2022
2022-01-10,0,10,2,1,1,2022
2022-01-11,1,11,2,1,1,2022
2022-01-12,2,12,2,1,1,2022
2022-01-13,3,13,2,1,1,2022
2022-01-14,4,14,2,1,1,2022
2022-01-15,5,15,2,1,1,2022
2022-01-16,6,16,2,1,1,2022
2022-01-17,0,17,3,1,1,2022
2022-01-18,1,18,3,1,1,2022
2022-01-19,2,19,3,1,1,2022
2022-01-20,3,20,3,1,1,2022
2022-01-21,4,21,3,1,1,2022
2022-01-22,5,22,3,1,1,2022
2022-01-23,6,23,3,1,1,2022
2022-01-24,0,24,4,1,1,2022
2022-01-25,1,25,4,1,1,2022
2022-01-26,2,26,4,1,1,2022
2022-01-27,3,27,4,1,1,2022
2022-01-28,4,28,4,1,1,2022
2022-01-29,5,29,4,1,1,2022
2022-01-30,6,30,4,1,1,2022
2022-01-31,0,31,5,1,1,2022
2022-02-01,1,1,5,2,1,2022
2022-02-02,2,2,5,2,1,2022
2022-02-03,3,3,5,2,1,2022
2022-02-04,4,4,5,2,1,2022
2022-02-05,5,5,5,2,1,2022
2022-02-06,6,6,5,2,1,2022
2022-02-07,0,7,6,2,1,2022
2022-02-08,1,8,6,2,1,2022
2022-02-09,2,9,6,2,1,2022
2022-02-10,3,10,6,2,1,2022
2022-02-11,4,11,6,2,1,2022
2022-02-12,5,12,6,2,1,2022
2022-02-13,6,13,6,2,1,2022
2022-02-14,0,14,7,2,1,2022
2022-02-15,1,15,7,2,1,2022
2022-02-16,2,16,7,2,1,2022
2022-02-17,3,17,7,2,1,2022
2022-02-18,4,18,7,2,1,2022
2022-02-19,5,19,7,2,1,2022
2022-02-20,6,20,7,2,1,2022
2022-02-21,0,21,8,2,1,2022
2022-02-22,1,22,8,2,1,2022
2022-02-23,2,23,8,2,1,2022
2022-02-24,3,24,8,2,1,2022
2022-02-25,4,25,8,2,1,2022
2022-02-26,5,26,8,2,1,2022
2022-02-27,6,27,8,2,1,2022
2022-02-28,0,28,9,2,1,2022
2022-03-01,1,1,9,3,1,2022
2022-03-02,2,2,9,3,1,2022
2022-03-03,3,3,9,3,1,2022
2022-03-04,4,4,9,3,1,2022
2022-03-05,5,5,9,3,1,2022
2022-03-06,6,6,9,3,1,2022
2022-03-07,0,7,10,3,1,2022
2022-03-08,1,8,10,3,1,2022
2022-03-09,2,9,10,3,1,2022
2022-03-10,3,10,10,3,1,2022
2022-03-11,4,11,10,3,1,2022
2022-03-12,5,12,10,3,1,2022
2022-03-13,6,13,10,3,1,2022
2022-03-14,0,14,11,3,1,2022
2022-03-15,1,15,11,3,1,2022
2022-03-16,2,16,11,3,1,2022
2022-03-17,3,17,11,3,1,2022
2022-03-18,4,18,11,3,1,2022
2022-03-19,5,19,11,3,1,2022
2022-03-20,6,20,11,3,1,2022
2022-03-21,0,21,12,3,1,2022
2022-03-22,1,22,12,3,1,2022
2022-03-23,2,23,12,3,1,2022
2022-03-24,3,24,12,3,1,2022
2022-03-25,4,25,12,3,1,2022
2022-03-26,5,26,12,3,1,2022
2022-03-27,6,27,12,3,1,2022
2022-03-28,0,28,13,3,1,2022
2022-03-29,1,29,13,3,1,2022
2022-03-30,2,30,13,3,1,2022
2022-03-31,3,31,13,3,1,2022
2022-04-01,4,1,13,4,2,2022
2022-04-02,5,2,13,4,2,2022
2022-04-03,6,3,13,4,2,2022
2022-04-04,0,4,14,4,2,2022
2022-04-05,1,5,14,4,2,2022
2022-04-06,2,6,14,4,2,2022
2022-04-07,3,7,14,4,2,2022
2022-04-08,4,8,14,4,2,2022
2022-04-09,5,9,14,4,2,2022
2022-04-10,6,10,14,4,2,2022
2022-04-11,0,11,15,4,2,2022
2022-04-12,1,12,15,4,2,2022
2022-04-13,2,13,15,4,2,2022
2022-04-14,3,14,15,4,2,2022
2022-04-15,4,15,15,4,2,2022
2022-04-16,5,16,15,4,2,2022
2022-04-17,6,17,15,4,2,2022
2022-04-18,0,18,16,4,2,2022
2022-04-19,1,19,16,4,2,2022
2022-04-20,2,20,16,4,2,2022
2022-04-21,3,21,16,4,2,2022
2022-04-22,4,22,16,4,2,2022
2022-04-23,5,23,16,4,2,2022
2022-04-24,6,24,16,4,2,2022
2022-04-25,0,25,17,4,2,2022
2022-04-26,1,26,17,4,2,2022
2022-04-27,2,27,17,4,2,2022
2022-04-28,3,28,17,4,2,2022
2022-04-29,4,29,17,4,2,2022
2022-04-30,5,30,17,4,2,2022
2022-05-01,6,1,17,5,2,2022
2022-05-02,0,2,18,5,2,2022
2022-05-03,1,3,18,5,2,2022
2022-05-04,2,4,18,5,2,2022
2022-05-05,3,5,18,5,2,2022
2022-05-06,4,6,18,5,2,2022
2022-05-07,5,7,18,5,2,2022
2022-05-08,6,8,18,5,2,2022
2022-05-09,0,9,19,5,2,2022
2022-05-10,1,10,19,5,2,2022
2022-05-11,2,11,19,5,2,2022
2022-05-12,3,12,19,5,2,2022
2022-05-13,4,13,19,5,2,2022
2022-05-14,5,14,19,5,2,2022
2022-05-15,6,15,19,5,2,2022
2022-05-16,0,16,20,5,2,2022
2022-05-17,1,17,20,5,2,2022
2022-05-18,2,18,20,5,2,2022
2022-05-19,3,19,20,5,2,2022
2022-05-20,4,20,20,5,2,2022
2022-05-21,5,21,20,5,2,2022
2022-05-22,6,22,20,5,2,2022
2022-05-23,0,23,21,5,2,2022
2022-05-24,1,24,21,5,2,2022
2022-05-25,2,25,21,5,2,2022
2022-05-26,3,26,21,5,2,2022
2022-05-27,4,27,21,5,2,2022
2022-05-28,5,28,21,5,2,2022
2022-05-29,6,29,21,5,2,2022
2022-05-30,0,30,22,5,2,2022
2022-05-31,1,31,22,5,2,2022
2022-06-01,2,1,22,6,2,2022
2022-06-02,3,2,22,6,2,2022
2022-06-03,4,3,22,6,2,2022
2022-06-04,5,4,22,6,2,2022
2022-06-05,6,5,22,6,2,2022
2022-06-06,0,6,23,6,2,2022
2022-06-07,1,7,23,6,2,2022
2022-06-08,2,8,23,6,2,2022
2022-06-09,3,9,23,6,2,2022
2022-06-10,4,10,23,6,2,2022
2022-06-11,5,11,23,6,2,2022
2022-06-12,6,12,23,6,2,2022
2022-06-13,0,13,24,6,2,2022
2022-06-14,1,14,24,6,2,2022
2022-06-15,2,15,24,6,2,2022
2022-06-16,3,16,24,6,2,2022
2022-06-17,4,17,24,6,2,2022
2022-06-18,5,18,24,6,2,2022
2022-06-19,6,19,24,6,2,2022
2022-06-20,0,20,25,6,2,2022
2022-06-21,1,21,25,6,2,2022
2022-06-22,2,22,25,6,2,2022
2022-06-23,3,23,25,6,2,2022
2022-06-24,4,24,25,6,2,2022
2022-06-25,5,25,25,6,2,2022
2022-06-26,6,26,25,6,2,2022
2022-06-27,0,27,26,6,2,2022
2022-06-28,1,28,26,6,2,2022
2022-06-29,2,29,26,6,2,2022
2022-06-30,3,30,26,6,2,2022
2022-07-01,4,1,26,7,3,2022
2022-07-02,5,2,26,7,3,2022
2022-07-03,6,3,26,7,3,2022
2022-07-04,0,4,27,7,3,2022
2022-07-05,1,5,27,7,3,2022
2022-07-06,2,6,27,7,3,2022
2022-07-07,3,7,27,7,3,2022
2022-07-08,4,8,27,7,3,2022
2022-07-09,5,9,27,7,3,2022
2022-07-10,6,10,27,7,3,2022
2022-07-11,0,11,28,7,3,2022
2022-07-12,1,12,28,7,3,2022
2022-07-13,2,13,28,7,3,2022
2022-07-14,3,14,28,7,3,2022
2022-07-15,4,15,28,7,3,2022
2022-07-16,5,16,28,7,3,2022
2022-07-17,6,17,28,7,3,2022
2022-07-18,0,18,29,7,3,2022
2022-07-19,1,19,29,7,3,2022
2022-07-20,2,20,29,7,3,2022
2022-07-21,3,21,29,7,3,2022
2022-07-22,4,22,29,7,3,2022
2022-07-23,5,23,29,7,3,2022
2022-07-24,6,24,29,7,3,2022
2022-07-25,0,25,30,7,3,2022
2022-07-26,1,26,30,7,3,2022
2022-07-27,2,27,30,7,3,2022
2022-07-28,3,28,30,7,3,2022
2022-07-29,4,29,30,7,3,2022
2022-07-30,5,30,30,7,3,2022
2022-07-31,6,31,30,7,3,2022
2022-08-01,0,1,31,8,3,2022
2022-08-02,1,2,31,8,3,2022
2022-08-03,2,3,31,8,3,2022
2022-08-04,3,4,31,8,3,2022
2022-08-05,4,5,31,8,3,2022
2022-08-06,5,6,31,8,3,2022
2022-08-07,6,7,31,8,3,2022
2022-08-08,0,8,32,8,3,2022
2022-08-09,1,9,32,8,3,2022
2022-08-10,2,10,32,8,3,2022
2022-08-11,3,11,32,8,3,2022
2022-08-12,4,12,32,8,3,2022
2022-08-13,5,13,32,8,3,2022
2022-08-14,6,14,32,8,3,2022
2022-08-15,0,15,33,8,3,2022
2022-08-16,1,16,33,8,3,2022
2022-08-17,2,17,33,8,3,2022
2022-08-18,3,18,33,8,3,2022
2022-08-19,4,19,33,8,3,2022
2022-08-20,5,20,33,8,3,2022
2022-08-21,6,21,33,8,3,2022
2022-08-22,0,22,34,8,3,2022
2022-08-23,1,23,34,8,3,2022
2022-08-24,2,24,34,8,3,2022
2022-08-25,3,25,34,8,3,2022
2022-08-26,4,26,34,8,3,2022
2022-08-27,5,27,34,8,3,2022
2022-08-28,6,28,34,8,3,2022
2022-08-29,0,29,35,8,3,2022
2022-08-30,1,30,35,8,3,2022
2022-08-31,2,31,35,8,3,2022
2022-09-01,3,1,35,9,3,2022
2022-09-02,4,2,35,9,3,2022
2022-09-03,5,3,35,9,3,2022
2022-09-04,6,4,35,9,3,2022
2022-09-05,0,5,36,9,3,2022
2022-09-06,1,6,36,9,3,2022
2022-09-07,2,7,36,9,3,2022
2022-09-08,3,8,36,9,3,2022
2022-09-09,4,9,36,9,3,2022
2022-09-10,5,10,36,9,3,2022
2022-09-11,6,11,36,9,3,2022
2022-09-12,0,12,37,9,3,2022
2022-09-13,1,13,37,9,3,2022
2022-09-14,2,14,37,9,3,2022
2022-09-15,3,15,37,9,3,2022
2022-09-16,4,16,37,9,3,2022
2022-09-17,5,17,37,9,3,2022
2022-09-18,6,18,37,9,3,2022
2022-09-19,0,19,38,9,3,2022
2022-09-20,1,20,38,9,3,2022
2022-09-21,2,21,38,9,3,2022
2022-09-22,3,22,38,9,3,2022
2022-09-23,4,23,38,9,3,2022
2022-09-24,5,24,38,9,3,2022
2022-09-25,6,25,38,9,3,2022
2022-09-26,0,26,39,9,3,2022
2022-09-27,1,27,39,9,3,2022
2022-09-28,2,28,39,9,3,2022
2022-09-29,3,29,39,9,3,2022
2022-09-30,4,30,39,9,3,2022
2022-10-01,5,1,39,10,4,2022
2022-10-02,6,2,39,10,4,2022
2022-10-03,0,3,40,10,4,2022
2022-10-04,1,4,40,10,4,2022
2022-10-05,2,5,40,10,4,2022
2022-10-06,3,6,40,10,4,2022
2022-10-07,4,7,40,10,4,2022
2022-10-08,5,8,40,10,4,2022
2022-10-09,6,9,40,10,4,2022
2022-10-10,0,10,41,10,4,2022
2022-10-11,1,11,41,10,4,2022
2022-10-12,2,12,41,10,4,2022
2022-10-13,3,13,41,10,4,2022
2022-10-14,4,14,41,10,4,2022
2022-10-15,5,15,41,10,4,2022
2022-10-16,6,16,41,10,4,2022
2022-10-17,0,17,42,10,4,2022
2022-10-18,1,18,42,10,4,2022
2022-10-19,2,19,42,10,4,2022
2022-10-20,3,20,42,10,4,2022
2022-10-21,4,21,42,10,4,2022
2022-10-22,5,22,42,10,4,2022
2022-10-23,6,23,42,10,4,2022
2022-10-24,0,24,43,10,4,2022
2022-10-25,1,25,43,10,4,2022
2022-10-26,2,26,43,10,4,2022
2022-10-27,3,27,43,10,4,2022
2022-10-28,4,28,43,10,4,2022
2022-10-29,5,29,43,10,4,2022
2022-10-30,6,30,43,10,4,2022
2022-10-31,0,31,44,10,4,2022
2022-11-01,1,1,44,11,4,2022
2022-11-02,2,2,44,11,4,2022
2022-11-03,3,3,44,11,4,2022
2022-11-04,4,4,44,11,4,2022
2022-11-05,5,5,44,11,4,2022
2022-11-06,6,6,44,11,4,2022
2022-11-07,0,7,45,11,4,2022
2022-11-08,1,8,45,11,4,2022
2022-11-09,2,9,45,11,4,2022
2022-11-10,3,10,45,11,4,2022
2022-11-11,4,11,45,11,4,2022
2022-11-12,5,12,45,11,4,2022
2022-11-13,6,13,45,11,4,2022
2022-11-14,0,14,46,11,4,2022
2022-11-15,1,15,46,11,4,2022
2022-11-16,2,16,46,11,4,2022
2022-11-17,3,17,46,11,4,2022
2022-11-18,4,18,46,11,4,2022
2022-11-19,5,19,46,11,4,2022
2022-11-20,6,20,46,11,4,2022
2022-11-21,0,21,47,11,4,2022
2022-11-22,1,22,47,11,4,2022
2022-11-23,2,23,47,11,4,2022
2022-11-24,3,24,47,11,4,2022
2022-11-25,4,25,47,11,4,2022
2022-11-26,5,26,47,11,4,2022
2022-11-27,6,27,47,11,4,2022
2022-11-28,0,28,48,11,4,2022
2022-11-29,1,29,48,11,4,2022
2022-11-30,2,30,48,11,4,2022
2022-12-01,3,1,48,12,4,2022
2022-12-02,4,2,48,12,4,2022
2022-12-03,5,3,48,12,4,2022
2022-12-04,6,4,48,12,4,2022
2022-12-05,0,5,49,12,4,2022
2022-12-06,1,6,49,12,4,2022
2022-12-07,2,7,49,12,4,2022
2022-12-08,3,8,49,12,4,2022
2022-12-09,4,9,49,12,4,2022
2022-12-10,5,10,49,12,4,2022
2022-12-11,6,11,49,12,4,2022
2022-12-12,0,12,50,12,4,2022
2022-12-13,1,13,50,12,4,2022
2022-12-14,2,14,50,12,4,2022
2022-12-15,3,15,50,12,4,2022
2022-12-16,4,16,50,12,4,2022
2022-12-17,5,17,50,12,4,2022
2022-12-18,6,18,50,12,4,2022
2022-12-19,0,19,51,12,4,2022
2022-12-20,1,20,51,12,4,2022
2022-12-21,2,21,51,12,4,2022
2022-12-22,3,22,51,12,4,2022
2022-12-23,4,23,51,12,4,2022
2022-12-24,5,24,51,12,4,2022
2022-12-25,6,25,51,12,4,2022
2022-12-26,0,26,52,12,4,2022
2022-12-27,1,27,52,12,4,2022
2022-12-28,2,28,52,12,4,2022
2022-12-29,3,29,52,12,4,2022
2022-12-30,4,30,52,12,4,2022
2022-12-31,5,31,52,12,4,2022
